Provinsi,Komoditas,Bulan,Harga
Aceh,Beras Premium,Juli,14610
Sumatera Utara,Beras Premium,Juli,15210
Sumatera Barat,Beras Premium,Juli,17390
Riau,Beras Premium,Juli,16110
Jambi,Beras Premium,Juli,14630
Sumatera Selatan,Beras Premium,Juli,14010
Bengkulu,Beras Premium,Juli,15370
Lampung,Beras Premium,Juli,14300
Kepulauan Bangka Belitung,Beras Premium,Juli,16240
Kepulauan Riau,Beras Premium,Juli,16230
DKI Jakarta,Beras Premium,Juli,15710
Jawa Barat,Beras Premium,Juli,14690
Jawa Tengah,Beras Premium,Juli,14780
D.I Yogyakarta,Beras Premium,Juli,14360
Jawa Timur,Beras Premium,Juli,14590
Banten,Beras Premium,Juli,15110
Bali,Beras Premium,Juli,15160
Nusa Tenggara Barat,Beras Premium,Juli,14600
Nusa Tenggara Timur,Beras Premium,Juli,15690
Kalimantan Barat,Beras Premium,Juli,17270
Kalimantan Tengah,Beras Premium,Juli,17500
Kalimantan Selatan,Beras Premium,Juli,16540
Kalimantan Timur,Beras Premium,Juli,17390
Kalimantan Utara,Beras Premium,Juli,17060
Sulawesi Utara,Beras Premium,Juli,14930
Sulawesi Tengah,Beras Premium,Juli,15550
Sulawesi Selatan,Beras Premium,Juli,14660
Sulawesi Tenggara,Beras Premium,Juli,14520
Gorontalo,Beras Premium,Juli,15020
Sulawesi Barat,Beras Premium,Juli,14570
Maluku,Beras Premium,Juli,17750
Maluku Utara,Beras Premium,Juli,18040
Papua Barat,Beras Premium,Juli,18400
Papua,Beras Premium,Juli,17860
Papua Barat Daya,Beras Premium,Juli,18060
Papua Pegunungan,Beras Premium,Juli,20000
Papua Tengah,Beras Premium,Juli,18960
Papua Selatan,Beras Premium,Juli,15000
Aceh,Beras Medium,Juli,13350
Sumatera Utara,Beras Medium,Juli,13920
Sumatera Barat,Beras Medium,Juli,14930
Riau,Beras Medium,Juli,13880
Jambi,Beras Medium,Juli,13060
Sumatera Selatan,Beras Medium,Juli,12230
Bengkulu,Beras Medium,Juli,13440
Lampung,Beras Medium,Juli,12560
Kepulauan Bangka Belitung,Beras Medium,Juli,14370
Kepulauan Riau,Beras Medium,Juli,14240
DKI Jakarta,Beras Medium,Juli,13720
Jawa Barat,Beras Medium,Juli,12730
Jawa Tengah,Beras Medium,Juli,12950
D.I Yogyakarta,Beras Medium,Juli,12830
Jawa Timur,Beras Medium,Juli,12540
Banten,Beras Medium,Juli,12730
Bali,Beras Medium,Juli,13580
Nusa Tenggara Barat,Beras Medium,Juli,12910
Nusa Tenggara Timur,Beras Medium,Juli,13300
Kalimantan Barat,Beras Medium,Juli,14810
Kalimantan Tengah,Beras Medium,Juli,14120
Kalimantan Selatan,Beras Medium,Juli,13100
Kalimantan Timur,Beras Medium,Juli,15810
Kalimantan Utara,Beras Medium,Juli,15050
Sulawesi Utara,Beras Medium,Juli,13690
Sulawesi Tengah,Beras Medium,Juli,13220
Sulawesi Selatan,Beras Medium,Juli,12690
Sulawesi Tenggara,Beras Medium,Juli,13100
Gorontalo,Beras Medium,Juli,13200
Sulawesi Barat,Beras Medium,Juli,13480
Maluku,Beras Medium,Juli,14560
Maluku Utara,Beras Medium,Juli,16150
Papua Barat,Beras Medium,Juli,15570
Papua,Beras Medium,Juli,15380
Papua Barat Daya,Beras Medium,Juli,15970
Papua Pegunungan,Beras Medium,Juli,18000
Papua Tengah,Beras Medium,Juli,15650
Papua Selatan,Beras Medium,Juli,13000
Aceh,Bawang Merah,Juli,41510
Sumatera Utara,Bawang Merah,Juli,39290
Sumatera Barat,Bawang Merah,Juli,36550
Riau,Bawang Merah,Juli,42440
Jambi,Bawang Merah,Juli,33740
Sumatera Selatan,Bawang Merah,Juli,36750
Bengkulu,Bawang Merah,Juli,39460
Lampung,Bawang Merah,Juli,32130
Kepulauan Bangka Belitung,Bawang Merah,Juli,41120
Kepulauan Riau,Bawang Merah,Juli,40810
DKI Jakarta,Bawang Merah,Juli,44600
Jawa Barat,Bawang Merah,Juli,33940
Jawa Tengah,Bawang Merah,Juli,32300
D.I Yogyakarta,Bawang Merah,Juli,32990
Jawa Timur,Bawang Merah,Juli,30720
Banten,Bawang Merah,Juli,33250
Bali,Bawang Merah,Juli,29130
Nusa Tenggara Barat,Bawang Merah,Juli,31200
Nusa Tenggara Timur,Bawang Merah,Juli,34520
Kalimantan Barat,Bawang Merah,Juli,42990
Kalimantan Tengah,Bawang Merah,Juli,42360
Kalimantan Selatan,Bawang Merah,Juli,35910
Kalimantan Timur,Bawang Merah,Juli,40870
Kalimantan Utara,Bawang Merah,Juli,48540
Sulawesi Utara,Bawang Merah,Juli,45590
Sulawesi Tengah,Bawang Merah,Juli,42230
Sulawesi Selatan,Bawang Merah,Juli,33650
Sulawesi Tenggara,Bawang Merah,Juli,39340
Gorontalo,Bawang Merah,Juli,44020
Sulawesi Barat,Bawang Merah,Juli,35860
Maluku,Bawang Merah,Juli,46250
Maluku Utara,Bawang Merah,Juli,59950
Papua Barat,Bawang Merah,Juli,58990
Papua,Bawang Merah,Juli,61310
Papua Barat Daya,Bawang Merah,Juli,56500
Papua Pegunungan,Bawang Merah,Juli,83430
Papua Tengah,Bawang Merah,Juli,73610
Papua Selatan,Bawang Merah,Juli,50000
Aceh,Bawang Putih,Juli,40080
Sumatera Utara,Bawang Putih,Juli,39140
Sumatera Barat,Bawang Putih,Juli,39300
Riau,Bawang Putih,Juli,38870
Jambi,Bawang Putih,Juli,36510
Sumatera Selatan,Bawang Putih,Juli,37830
Bengkulu,Bawang Putih,Juli,39880
Lampung,Bawang Putih,Juli,36840
Kepulauan Bangka Belitung,Bawang Putih,Juli,40800
Kepulauan Riau,Bawang Putih,Juli,36280
DKI Jakarta,Bawang Putih,Juli,42000
Jawa Barat,Bawang Putih,Juli,38890
Jawa Tengah,Bawang Putih,Juli,36710
D.I Yogyakarta,Bawang Putih,Juli,36670
Jawa Timur,Bawang Putih,Juli,34540
Banten,Bawang Putih,Juli,39810
Bali,Bawang Putih,Juli,34710
Nusa Tenggara Barat,Bawang Putih,Juli,39830
Nusa Tenggara Timur,Bawang Putih,Juli,44630
Kalimantan Barat,Bawang Putih,Juli,40530
Kalimantan Tengah,Bawang Putih,Juli,41700
Kalimantan Selatan,Bawang Putih,Juli,37560
Kalimantan Timur,Bawang Putih,Juli,44010
Kalimantan Utara,Bawang Putih,Juli,45110
Sulawesi Utara,Bawang Putih,Juli,47940
Sulawesi Tengah,Bawang Putih,Juli,48210
Sulawesi Selatan,Bawang Putih,Juli,40700
Sulawesi Tenggara,Bawang Putih,Juli,45630
Gorontalo,Bawang Putih,Juli,46370
Sulawesi Barat,Bawang Putih,Juli,42170
Maluku,Bawang Putih,Juli,48150
Maluku Utara,Bawang Putih,Juli,59950
Papua Barat,Bawang Putih,Juli,58440
Papua,Bawang Putih,Juli,55430
Papua Barat Daya,Bawang Putih,Juli,58220
Papua Pegunungan,Bawang Putih,Juli,73620
Papua Tengah,Bawang Putih,Juli,69800
Papua Selatan,Bawang Putih,Juli,50000
Aceh,Cabai Merah,Juli,44010
Sumatera Utara,Cabai Merah,Juli,39750
Sumatera Barat,Cabai Merah,Juli,45020
Riau,Cabai Merah,Juli,51670
Jambi,Cabai Merah,Juli,32380
Sumatera Selatan,Cabai Merah,Juli,39820
Bengkulu,Cabai Merah,Juli,42180
Lampung,Cabai Merah,Juli,33180
Kepulauan Bangka Belitung,Cabai Merah,Juli,46930
Kepulauan Riau,Cabai Merah,Juli,64390
DKI Jakarta,Cabai Merah,Juli,42310
Jawa Barat,Cabai Merah,Juli,39620
Jawa Tengah,Cabai Merah,Juli,31980
D.I Yogyakarta,Cabai Merah,Juli,31760
Jawa Timur,Cabai Merah,Juli,31440
Banten,Cabai Merah,Juli,36720
Bali,Cabai Merah,Juli,37320
Nusa Tenggara Barat,Cabai Merah,Juli,40960
Nusa Tenggara Timur,Cabai Merah,Juli,54780
Kalimantan Barat,Cabai Merah,Juli,60510
Kalimantan Tengah,Cabai Merah,Juli,62020
Kalimantan Selatan,Cabai Merah,Juli,41190
Kalimantan Timur,Cabai Merah,Juli,54840
Kalimantan Utara,Cabai Merah,Juli,82230
Sulawesi Utara,Cabai Merah,Juli,46190
Sulawesi Tengah,Cabai Merah,Juli,56290
Sulawesi Selatan,Cabai Merah,Juli,33510
Sulawesi Tenggara,Cabai Merah,Juli,55400
Gorontalo,Cabai Merah,Juli,51890
Sulawesi Barat,Cabai Merah,Juli,35740
Maluku,Cabai Merah,Juli,61130
Maluku Utara,Cabai Merah,Juli,71200
Papua Barat,Cabai Merah,Juli,74020
Papua,Cabai Merah,Juli,102510
Papua Barat Daya,Cabai Merah,Juli,76200
Papua Pegunungan,Cabai Merah,Juli,109970
Papua Tengah,Cabai Merah,Juli,96630
Papua Selatan,Cabai Merah,Juli,45000
Aceh,Cabai Rawit,Juli,40000
Sumatera Utara,Cabai Rawit,Juli,46880
Sumatera Barat,Cabai Rawit,Juli,51800
Riau,Cabai Rawit,Juli,57670
Jambi,Cabai Rawit,Juli,43620
Sumatera Selatan,Cabai Rawit,Juli,40960
Bengkulu,Cabai Rawit,Juli,47780
Lampung,Cabai Rawit,Juli,41420
Kepulauan Bangka Belitung,Cabai Rawit,Juli,50170
Kepulauan Riau,Cabai Rawit,Juli,61150
DKI Jakarta,Cabai Rawit,Juli,42630
Jawa Barat,Cabai Rawit,Juli,40050
Jawa Tengah,Cabai Rawit,Juli,31940
D.I Yogyakarta,Cabai Rawit,Juli,31300
Jawa Timur,Cabai Rawit,Juli,30080
Banten,Cabai Rawit,Juli,38730
Bali,Cabai Rawit,Juli,33070
Nusa Tenggara Barat,Cabai Rawit,Juli,34680
Nusa Tenggara Timur,Cabai Rawit,Juli,41450
Kalimantan Barat,Cabai Rawit,Juli,71040
Kalimantan Tengah,Cabai Rawit,Juli,58470
Kalimantan Selatan,Cabai Rawit,Juli,45260
Kalimantan Timur,Cabai Rawit,Juli,53290
Kalimantan Utara,Cabai Rawit,Juli,78320
Sulawesi Utara,Cabai Rawit,Juli,56390
Sulawesi Tengah,Cabai Rawit,Juli,58710
Sulawesi Selatan,Cabai Rawit,Juli,32480
Sulawesi Tenggara,Cabai Rawit,Juli,49880
Gorontalo,Cabai Rawit,Juli,51090
Sulawesi Barat,Cabai Rawit,Juli,44940
Maluku,Cabai Rawit,Juli,57390
Maluku Utara,Cabai Rawit,Juli,76080
Papua Barat,Cabai Rawit,Juli,81820
Papua,Cabai Rawit,Juli,92280
Papua Barat Daya,Cabai Rawit,Juli,75770
Papua Pegunungan,Cabai Rawit,Juli,115980
Papua Tengah,Cabai Rawit,Juli,125310
Papua Selatan,Cabai Rawit,Juli,40000
Aceh,Jagung,Juli,7000
Sumatera Utara,Jagung,Juli,6000
Sumatera Barat,Jagung,Juli,5160
Riau,Jagung,Juli,5900
Sumatera Selatan,Jagung,Juli,5480
Lampung,Jagung,Juli,4780
Kepulauan Riau,Jagung,Juli,6600
Jawa Barat,Jagung,Juli,5440
Jawa Tengah,Jagung,Juli,4910
D.I Yogyakarta,Jagung,Juli,4970
Jawa Timur,Jagung,Juli,5210
Banten,Jagung,Juli,6930
Bali,Jagung,Juli,5440
Nusa Tenggara Barat,Jagung,Juli,3950
Nusa Tenggara Timur,Jagung,Juli,6730
Kalimantan Barat,Jagung,Juli,5420
Kalimantan Tengah,Jagung,Juli,6240
Kalimantan Selatan,Jagung,Juli,6850
Kalimantan Timur,Jagung,Juli,7220
Sulawesi Utara,Jagung,Juli,4960
Sulawesi Tengah,Jagung,Juli,5910
Sulawesi Selatan,Jagung,Juli,5230
Sulawesi Tenggara,Jagung,Juli,5280
Sulawesi Barat,Jagung,Juli,7000
Maluku,Jagung,Juli,6990
Maluku Utara,Jagung,Juli,8000
Papua Barat,Jagung,Juli,6840
Papua,Jagung,Juli,6960
Papua Barat Daya,Jagung,Juli,6380
Papua Pegunungan,Jagung,Juli,7480
Papua Tengah,Jagung,Juli,7030
Papua Selatan,Jagung,Juli,7000
Aceh,Beras,Juli,12820
Sumatera Utara,Beras,Juli,12500
Sumatera Barat,Beras,Juli,12820
Riau,Beras,Juli,13140
Jambi,Beras,Juli,12660
Sumatera Selatan,Beras,Juli,12610
Bengkulu,Beras,Juli,12940
Lampung,Beras,Juli,12070
Kepulauan Bangka Belitung,Beras,Juli,13290
Kepulauan Riau,Beras,Juli,12910
Jawa Barat,Beras,Juli,12180
Jawa Tengah,Beras,Juli,12180
D.I Yogyakarta,Beras,Juli,12370
Jawa Timur,Beras,Juli,12050
Banten,Beras,Juli,12340
Bali,Beras,Juli,12300
Nusa Tenggara Barat,Beras,Juli,12500
Nusa Tenggara Timur,Beras,Juli,12830
Kalimantan Barat,Beras,Juli,12980
Kalimantan Tengah,Beras,Juli,12980
Kalimantan Selatan,Beras,Juli,13020
Kalimantan Timur,Beras,Juli,12320
Kalimantan Utara,Beras,Juli,13000
Sulawesi Utara,Beras,Juli,12460
Sulawesi Tengah,Beras,Juli,12090
Sulawesi Selatan,Beras,Juli,12160
Sulawesi Tenggara,Beras,Juli,12480
Gorontalo,Beras,Juli,12470
Sulawesi Barat,Beras,Juli,11940
Maluku,Beras,Juli,13620
Maluku Utara,Beras,Juli,13600
Papua Barat,Beras,Juli,12750
Papua,Beras,Juli,13750
Papua Barat Daya,Beras,Juli,12960
Papua Pegunungan,Beras,Juli,15000
Papua Tengah,Beras,Juli,13370
Papua Selatan,Beras,Juli,14000
Aceh,Beras Premium,Agustus,14660
Sumatera Utara,Beras Premium,Agustus,15450
Sumatera Barat,Beras Premium,Agustus,17230
Riau,Beras Premium,Agustus,16050
Jambi,Beras Premium,Agustus,14680
Sumatera Selatan,Beras Premium,Agustus,14050
Bengkulu,Beras Premium,Agustus,15420
Lampung,Beras Premium,Agustus,14520
Kepulauan Bangka Belitung,Beras Premium,Agustus,16110
Kepulauan Riau,Beras Premium,Agustus,16390
DKI Jakarta,Beras Premium,Agustus,15870
Jawa Barat,Beras Premium,Agustus,14870
Jawa Tengah,Beras Premium,Agustus,14820
D.I Yogyakarta,Beras Premium,Agustus,14310
Jawa Timur,Beras Premium,Agustus,14570
Banten,Beras Premium,Agustus,14880
Bali,Beras Premium,Agustus,15450
Nusa Tenggara Barat,Beras Premium,Agustus,14500
Nusa Tenggara Timur,Beras Premium,Agustus,15650
Kalimantan Barat,Beras Premium,Agustus,17240
Kalimantan Tengah,Beras Premium,Agustus,17440
Kalimantan Selatan,Beras Premium,Agustus,16250
Kalimantan Timur,Beras Premium,Agustus,17370
Kalimantan Utara,Beras Premium,Agustus,17410
Sulawesi Utara,Beras Premium,Agustus,15020
Sulawesi Tengah,Beras Premium,Agustus,15520
Sulawesi Selatan,Beras Premium,Agustus,14730
Sulawesi Tenggara,Beras Premium,Agustus,14690
Gorontalo,Beras Premium,Agustus,15230
Sulawesi Barat,Beras Premium,Agustus,14640
Maluku,Beras Premium,Agustus,17620
Maluku Utara,Beras Premium,Agustus,18080
Papua Barat,Beras Premium,Agustus,18320
Papua,Beras Premium,Agustus,18050
Papua Barat Daya,Beras Premium,Agustus,17580
Papua Pegunungan,Beras Premium,Agustus,20000
Papua Tengah,Beras Premium,Agustus,18770
Papua Selatan,Beras Premium,Agustus,16490
Aceh,Beras Medium,Agustus,13500
Sumatera Utara,Beras Medium,Agustus,14070
Sumatera Barat,Beras Medium,Agustus,14860
Riau,Beras Medium,Agustus,13810
Jambi,Beras Medium,Agustus,12980
Sumatera Selatan,Beras Medium,Agustus,12390
Bengkulu,Beras Medium,Agustus,13470
Lampung,Beras Medium,Agustus,12780
Kepulauan Bangka Belitung,Beras Medium,Agustus,14260
Kepulauan Riau,Beras Medium,Agustus,14060
DKI Jakarta,Beras Medium,Agustus,13690
Jawa Barat,Beras Medium,Agustus,12900
Jawa Tengah,Beras Medium,Agustus,12970
D.I Yogyakarta,Beras Medium,Agustus,12920
Jawa Timur,Beras Medium,Agustus,12630
Banten,Beras Medium,Agustus,12730
Bali,Beras Medium,Agustus,13940
Nusa Tenggara Barat,Beras Medium,Agustus,12780
Nusa Tenggara Timur,Beras Medium,Agustus,13210
Kalimantan Barat,Beras Medium,Agustus,14780
Kalimantan Tengah,Beras Medium,Agustus,14120
Kalimantan Selatan,Beras Medium,Agustus,12970
Kalimantan Timur,Beras Medium,Agustus,15680
Kalimantan Utara,Beras Medium,Agustus,15390
Sulawesi Utara,Beras Medium,Agustus,13850
Sulawesi Tengah,Beras Medium,Agustus,13510
Sulawesi Selatan,Beras Medium,Agustus,12720
Sulawesi Tenggara,Beras Medium,Agustus,13290
Gorontalo,Beras Medium,Agustus,13380
Sulawesi Barat,Beras Medium,Agustus,13260
Maluku,Beras Medium,Agustus,14700
Maluku Utara,Beras Medium,Agustus,16020
Papua Barat,Beras Medium,Agustus,15570
Papua,Beras Medium,Agustus,15580
Papua Barat Daya,Beras Medium,Agustus,15750
Papua Pegunungan,Beras Medium,Agustus,18000
Papua Tengah,Beras Medium,Agustus,15980
Papua Selatan,Beras Medium,Agustus,15000
Aceh,Bawang Merah,Agustus,27000
Sumatera Utara,Bawang Merah,Agustus,27650
Sumatera Barat,Bawang Merah,Agustus,21590
Riau,Bawang Merah,Agustus,25650
Jambi,Bawang Merah,Agustus,22650
Sumatera Selatan,Bawang Merah,Agustus,26350
Bengkulu,Bawang Merah,Agustus,27100
Lampung,Bawang Merah,Agustus,22140
Kepulauan Bangka Belitung,Bawang Merah,Agustus,29010
Kepulauan Riau,Bawang Merah,Agustus,37980
DKI Jakarta,Bawang Merah,Agustus,33820
Jawa Barat,Bawang Merah,Agustus,26250
Jawa Tengah,Bawang Merah,Agustus,23650
D.I Yogyakarta,Bawang Merah,Agustus,19890
Jawa Timur,Bawang Merah,Agustus,20420
Banten,Bawang Merah,Agustus,25740
Bali,Bawang Merah,Agustus,22280
Nusa Tenggara Barat,Bawang Merah,Agustus,18050
Nusa Tenggara Timur,Bawang Merah,Agustus,21660
Kalimantan Barat,Bawang Merah,Agustus,30380
Kalimantan Tengah,Bawang Merah,Agustus,28360
Kalimantan Selatan,Bawang Merah,Agustus,23040
Kalimantan Timur,Bawang Merah,Agustus,32150
Kalimantan Utara,Bawang Merah,Agustus,37880
Sulawesi Utara,Bawang Merah,Agustus,33160
Sulawesi Tengah,Bawang Merah,Agustus,31810
Sulawesi Selatan,Bawang Merah,Agustus,23880
Sulawesi Tenggara,Bawang Merah,Agustus,29790
Gorontalo,Bawang Merah,Agustus,24440
Sulawesi Barat,Bawang Merah,Agustus,25540
Maluku,Bawang Merah,Agustus,40510
Maluku Utara,Bawang Merah,Agustus,50920
Papua Barat,Bawang Merah,Agustus,54140
Papua,Bawang Merah,Agustus,53250
Papua Barat Daya,Bawang Merah,Agustus,55140
Papua Pegunungan,Bawang Merah,Agustus,70940
Papua Tengah,Bawang Merah,Agustus,67040
Papua Selatan,Bawang Merah,Agustus,47430
Aceh,Bawang Putih,Agustus,39090
Sumatera Utara,Bawang Putih,Agustus,38250
Sumatera Barat,Bawang Putih,Agustus,38560
Riau,Bawang Putih,Agustus,37920
Jambi,Bawang Putih,Agustus,36990
Sumatera Selatan,Bawang Putih,Agustus,37470
Bengkulu,Bawang Putih,Agustus,39230
Lampung,Bawang Putih,Agustus,36960
Kepulauan Bangka Belitung,Bawang Putih,Agustus,39410
Kepulauan Riau,Bawang Putih,Agustus,34670
DKI Jakarta,Bawang Putih,Agustus,42000
Jawa Barat,Bawang Putih,Agustus,39210
Jawa Tengah,Bawang Putih,Agustus,36290
D.I Yogyakarta,Bawang Putih,Agustus,35260
Jawa Timur,Bawang Putih,Agustus,35000
Banten,Bawang Putih,Agustus,38790
Bali,Bawang Putih,Agustus,35380
Nusa Tenggara Barat,Bawang Putih,Agustus,38690
Nusa Tenggara Timur,Bawang Putih,Agustus,40280
Kalimantan Barat,Bawang Putih,Agustus,37980
Kalimantan Tengah,Bawang Putih,Agustus,39860
Kalimantan Selatan,Bawang Putih,Agustus,37560
Kalimantan Timur,Bawang Putih,Agustus,41510
Kalimantan Utara,Bawang Putih,Agustus,44780
Sulawesi Utara,Bawang Putih,Agustus,46260
Sulawesi Tengah,Bawang Putih,Agustus,43580
Sulawesi Selatan,Bawang Putih,Agustus,40030
Sulawesi Tenggara,Bawang Putih,Agustus,43180
Gorontalo,Bawang Putih,Agustus,44130
Sulawesi Barat,Bawang Putih,Agustus,38770
Maluku,Bawang Putih,Agustus,46950
Maluku Utara,Bawang Putih,Agustus,58090
Papua Barat,Bawang Putih,Agustus,52450
Papua,Bawang Putih,Agustus,52500
Papua Barat Daya,Bawang Putih,Agustus,54810
Papua Pegunungan,Bawang Putih,Agustus,67080
Papua Tengah,Bawang Putih,Agustus,67580
Papua Selatan,Bawang Putih,Agustus,47430
Aceh,Cabai Merah,Agustus,35360
Sumatera Utara,Cabai Merah,Agustus,30510
Sumatera Barat,Cabai Merah,Agustus,39180
Riau,Cabai Merah,Agustus,46470
Jambi,Cabai Merah,Agustus,35430
Sumatera Selatan,Cabai Merah,Agustus,46580
Bengkulu,Cabai Merah,Agustus,40310
Lampung,Cabai Merah,Agustus,40310
Kepulauan Bangka Belitung,Cabai Merah,Agustus,50130
Kepulauan Riau,Cabai Merah,Agustus,62360
DKI Jakarta,Cabai Merah,Agustus,48240
Jawa Barat,Cabai Merah,Agustus,43020
Jawa Tengah,Cabai Merah,Agustus,34850
D.I Yogyakarta,Cabai Merah,Agustus,33310
Jawa Timur,Cabai Merah,Agustus,35270
Banten,Cabai Merah,Agustus,42600
Bali,Cabai Merah,Agustus,39150
Nusa Tenggara Barat,Cabai Merah,Agustus,45120
Nusa Tenggara Timur,Cabai Merah,Agustus,55570
Kalimantan Barat,Cabai Merah,Agustus,53930
Kalimantan Tengah,Cabai Merah,Agustus,56520
Kalimantan Selatan,Cabai Merah,Agustus,31030
Kalimantan Timur,Cabai Merah,Agustus,45840
Kalimantan Utara,Cabai Merah,Agustus,70490
Sulawesi Utara,Cabai Merah,Agustus,43660
Sulawesi Tengah,Cabai Merah,Agustus,44890
Sulawesi Selatan,Cabai Merah,Agustus,34140
Sulawesi Tenggara,Cabai Merah,Agustus,48750
Gorontalo,Cabai Merah,Agustus,46040
Sulawesi Barat,Cabai Merah,Agustus,36740
Maluku,Cabai Merah,Agustus,76490
Maluku Utara,Cabai Merah,Agustus,66080
Papua Barat,Cabai Merah,Agustus,84880
Papua,Cabai Merah,Agustus,75620
Papua Barat Daya,Cabai Merah,Agustus,78640
Papua Pegunungan,Cabai Merah,Agustus,107240
Papua Tengah,Cabai Merah,Agustus,105790
Papua Selatan,Cabai Merah,Agustus,82160
Sumatera Utara,Cabai Rawit,Agustus,49040
Sumatera Barat,Cabai Rawit,Agustus,54920
Riau,Cabai Rawit,Agustus,76600
Jambi,Cabai Rawit,Agustus,63470
Sumatera Selatan,Cabai Rawit,Agustus,68400
Bengkulu,Cabai Rawit,Agustus,70720
Lampung,Cabai Rawit,Agustus,62590
Kepulauan Bangka Belitung,Cabai Rawit,Agustus,90630
Kepulauan Riau,Cabai Rawit,Agustus,85510
DKI Jakarta,Cabai Rawit,Agustus,78040
Jawa Barat,Cabai Rawit,Agustus,75950
Jawa Tengah,Cabai Rawit,Agustus,68770
D.I Yogyakarta,Cabai Rawit,Agustus,70690
Jawa Timur,Cabai Rawit,Agustus,66390
Banten,Cabai Rawit,Agustus,75700
Bali,Cabai Rawit,Agustus,70470
Nusa Tenggara Barat,Cabai Rawit,Agustus,65820
Nusa Tenggara Timur,Cabai Rawit,Agustus,49220
Kalimantan Barat,Cabai Rawit,Agustus,80940
Kalimantan Tengah,Cabai Rawit,Agustus,82340
Kalimantan Selatan,Cabai Rawit,Agustus,68960
Kalimantan Timur,Cabai Rawit,Agustus,75010
Kalimantan Utara,Cabai Rawit,Agustus,87780
Sulawesi Utara,Cabai Rawit,Agustus,58460
Sulawesi Tengah,Cabai Rawit,Agustus,65050
Sulawesi Selatan,Cabai Rawit,Agustus,55140
Sulawesi Tenggara,Cabai Rawit,Agustus,60820
Gorontalo,Cabai Rawit,Agustus,61130
Sulawesi Barat,Cabai Rawit,Agustus,53260
Maluku,Cabai Rawit,Agustus,80750
Maluku Utara,Cabai Rawit,Agustus,76100
Papua Barat,Cabai Rawit,Agustus,92290
Papua,Cabai Rawit,Agustus,98400
Papua Barat Daya,Cabai Rawit,Agustus,96420
Papua Pegunungan,Cabai Rawit,Agustus,120620
Papua Tengah,Cabai Rawit,Agustus,137260
Papua Selatan,Cabai Rawit,Agustus,77460
Aceh,Jagung,Agustus,7000
Sumatera Utara,Jagung,Agustus,5590
Sumatera Barat,Jagung,Agustus,4840
Riau,Jagung,Agustus,5830
Sumatera Selatan,Jagung,Agustus,5330
Lampung,Jagung,Agustus,4630
Kepulauan Riau,Jagung,Agustus,6600
Jawa Barat,Jagung,Agustus,5060
Jawa Tengah,Jagung,Agustus,4720
D.I Yogyakarta,Jagung,Agustus,4750
Jawa Timur,Jagung,Agustus,5120
Banten,Jagung,Agustus,7790
Bali,Jagung,Agustus,5550
Nusa Tenggara Barat,Jagung,Agustus,4160
Nusa Tenggara Timur,Jagung,Agustus,7130
Kalimantan Barat,Jagung,Agustus,5130
Kalimantan Tengah,Jagung,Agustus,6240
Kalimantan Selatan,Jagung,Agustus,7900
Kalimantan Timur,Jagung,Agustus,8280
Kalimantan Utara,Jagung,Agustus,7000
Sulawesi Utara,Jagung,Agustus,4850
Sulawesi Tengah,Jagung,Agustus,5730
Sulawesi Selatan,Jagung,Agustus,5000
Sulawesi Tenggara,Jagung,Agustus,5130
Sulawesi Barat,Jagung,Agustus,4000
Maluku,Jagung,Agustus,8260
Maluku Utara,Jagung,Agustus,10340
Papua Barat,Jagung,Agustus,8660
Papua,Jagung,Agustus,7490
Papua Barat Daya,Jagung,Agustus,9350
Papua Tengah,Jagung,Agustus,6870
Papua Selatan,Jagung,Agustus,12000
Aceh,Beras SPHP,Agustus,12880
Sumatera Utara,Beras SPHP,Agustus,12640
Sumatera Barat,Beras SPHP,Agustus,12780
Riau,Beras SPHP,Agustus,13120
Jambi,Beras SPHP,Agustus,12640
Sumatera Selatan,Beras SPHP,Agustus,12500
Bengkulu,Beras SPHP,Agustus,12810
Lampung,Beras SPHP,Agustus,12160
Kepulauan Bangka Belitung,Beras SPHP,Agustus,12860
Kepulauan Riau,Beras SPHP,Agustus,12860
Jawa Barat,Beras SPHP,Agustus,12300
Jawa Tengah,Beras SPHP,Agustus,12150
D.I Yogyakarta,Beras SPHP,Agustus,12370
Jawa Timur,Beras SPHP,Agustus,12020
Banten,Beras SPHP,Agustus,12320
Bali,Beras SPHP,Agustus,12210
Nusa Tenggara Barat,Beras SPHP,Agustus,12500
Nusa Tenggara Timur,Beras SPHP,Agustus,12850
Kalimantan Barat,Beras SPHP,Agustus,13000
Kalimantan Tengah,Beras SPHP,Agustus,13120
Kalimantan Selatan,Beras SPHP,Agustus,12810
Kalimantan Timur,Beras SPHP,Agustus,12690
Kalimantan Utara,Beras SPHP,Agustus,13120
Sulawesi Utara,Beras SPHP,Agustus,12470
Sulawesi Tengah,Beras SPHP,Agustus,12200
Sulawesi Selatan,Beras SPHP,Agustus,12170
Sulawesi Tenggara,Beras SPHP,Agustus,12370
Gorontalo,Beras SPHP,Agustus,12470
Sulawesi Barat,Beras SPHP,Agustus,12030
Maluku,Beras SPHP,Agustus,13470
Maluku Utara,Beras SPHP,Agustus,13630
Papua Barat,Beras SPHP,Agustus,13000
Papua,Beras SPHP,Agustus,13920
Papua Barat Daya,Beras SPHP,Agustus,13590
Papua Tengah,Beras SPHP,Agustus,13660
Papua Selatan,Beras SPHP,Agustus,13250
Aceh,Beras Premium,September,14720
Sumatera Utara,Beras Premium,September,15510
Sumatera Barat,Beras Premium,September,17540
Riau,Beras Premium,September,16070
Jambi,Beras Premium,September,15030
Sumatera Selatan,Beras Premium,September,14050
Bengkulu,Beras Premium,September,15600
Lampung,Beras Premium,September,14590
Kepulauan Bangka Belitung,Beras Premium,September,15840
Kepulauan Riau,Beras Premium,September,16170
DKI Jakarta,Beras Premium,September,15770
Jawa Barat,Beras Premium,September,14890
Jawa Tengah,Beras Premium,September,14990
D.I Yogyakarta,Beras Premium,September,14360
Jawa Timur,Beras Premium,September,14610
Banten,Beras Premium,September,14870
Bali,Beras Premium,September,15610
Nusa Tenggara Barat,Beras Premium,September,14750
Nusa Tenggara Timur,Beras Premium,September,15670
Kalimantan Barat,Beras Premium,September,17180
Kalimantan Tengah,Beras Premium,September,17390
Kalimantan Selatan,Beras Premium,September,16480
Kalimantan Timur,Beras Premium,September,17240
Kalimantan Utara,Beras Premium,September,17210
Sulawesi Utara,Beras Premium,September,15080
Sulawesi Tengah,Beras Premium,September,15660
Sulawesi Selatan,Beras Premium,September,14530
Sulawesi Tenggara,Beras Premium,September,14540
Gorontalo,Beras Premium,September,15410
Sulawesi Barat,Beras Premium,September,14400
Maluku,Beras Premium,September,17730
Maluku Utara,Beras Premium,September,17940
Papua Barat,Beras Premium,September,18380
Papua,Beras Premium,September,17940
Papua Barat Daya,Beras Premium,September,18040
Papua Tengah,Beras Premium,September,18470
Papua Selatan,Beras Premium,September,16490
Aceh,Beras Medium,September,13530
Sumatera Utara,Beras Medium,September,14150
Sumatera Barat,Beras Medium,September,15210
Riau,Beras Medium,September,13810
Jambi,Beras Medium,September,13120
Sumatera Selatan,Beras Medium,September,12500
Bengkulu,Beras Medium,September,13900
Lampung,Beras Medium,September,13080
Kepulauan Bangka Belitung,Beras Medium,September,13770
Kepulauan Riau,Beras Medium,September,14030
DKI Jakarta,Beras Medium,September,13850
Jawa Barat,Beras Medium,September,12940
Jawa Tengah,Beras Medium,September,13120
D.I Yogyakarta,Beras Medium,September,12790
Jawa Timur,Beras Medium,September,12540
Banten,Beras Medium,September,12700
Bali,Beras Medium,September,14030
Nusa Tenggara Barat,Beras Medium,September,12750
Nusa Tenggara Timur,Beras Medium,September,13450
Kalimantan Barat,Beras Medium,September,14750
Kalimantan Tengah,Beras Medium,September,14090
Kalimantan Selatan,Beras Medium,September,13060
Kalimantan Timur,Beras Medium,September,15530
Kalimantan Utara,Beras Medium,September,15430
Sulawesi Utara,Beras Medium,September,13770
Sulawesi Tengah,Beras Medium,September,13470
Sulawesi Selatan,Beras Medium,September,12600
Sulawesi Tenggara,Beras Medium,September,13010
Gorontalo,Beras Medium,September,13620
Sulawesi Barat,Beras Medium,September,12960
Maluku,Beras Medium,September,14520
Maluku Utara,Beras Medium,September,15840
Papua Barat,Beras Medium,September,16230
Papua,Beras Medium,September,15510
Papua Barat Daya,Beras Medium,September,15910
Papua Tengah,Beras Medium,September,15810
Papua Selatan,Beras Medium,September,15000
Aceh,Bawang Merah,September,26390
Sumatera Utara,Bawang Merah,September,25250
Sumatera Barat,Bawang Merah,September,20010
Riau,Bawang Merah,September,24170
Jambi,Bawang Merah,September,20570
Sumatera Selatan,Bawang Merah,September,22230
Bengkulu,Bawang Merah,September,23840
Lampung,Bawang Merah,September,21490
Kepulauan Bangka Belitung,Bawang Merah,September,27160
Kepulauan Riau,Bawang Merah,September,34580
DKI Jakarta,Bawang Merah,September,29400
Jawa Barat,Bawang Merah,September,23900
Jawa Tengah,Bawang Merah,September,22490
D.I Yogyakarta,Bawang Merah,September,19600
Jawa Timur,Bawang Merah,September,19600
Banten,Bawang Merah,September,25520
Bali,Bawang Merah,September,21250
Nusa Tenggara Barat,Bawang Merah,September,18770
Nusa Tenggara Timur,Bawang Merah,September,21710
Kalimantan Barat,Bawang Merah,September,28670
Kalimantan Tengah,Bawang Merah,September,26310
Kalimantan Selatan,Bawang Merah,September,22990
Kalimantan Timur,Bawang Merah,September,29520
Kalimantan Utara,Bawang Merah,September,33190
Sulawesi Utara,Bawang Merah,September,31230
Sulawesi Tengah,Bawang Merah,September,26790
Sulawesi Selatan,Bawang Merah,September,21580
Sulawesi Tenggara,Bawang Merah,September,27780
Gorontalo,Bawang Merah,September,25300
Sulawesi Barat,Bawang Merah,September,22310
Maluku,Bawang Merah,September,35880
Maluku Utara,Bawang Merah,September,47340
Papua Barat,Bawang Merah,September,54370
Papua,Bawang Merah,September,48360
Papua Barat Daya,Bawang Merah,September,45350
Papua Pegunungan,Bawang Merah,September,60000
Papua Tengah,Bawang Merah,September,54000
Papua Selatan,Bawang Merah,September,32400
Aceh,Bawang Putih,September,39280
Sumatera Utara,Bawang Putih,September,38330
Sumatera Barat,Bawang Putih,September,38700
Riau,Bawang Putih,September,38210
Jambi,Bawang Putih,September,36800
Sumatera Selatan,Bawang Putih,September,36850
Bengkulu,Bawang Putih,September,38680
Lampung,Bawang Putih,September,37290
Kepulauan Bangka Belitung,Bawang Putih,September,39250
Kepulauan Riau,Bawang Putih,September,34710
DKI Jakarta,Bawang Putih,September,40520
Jawa Barat,Bawang Putih,September,38670
Jawa Tengah,Bawang Putih,September,35880
D.I Yogyakarta,Bawang Putih,September,34670
Jawa Timur,Bawang Putih,September,35080
Banten,Bawang Putih,September,38660
Bali,Bawang Putih,September,35530
Nusa Tenggara Barat,Bawang Putih,September,38540
Nusa Tenggara Timur,Bawang Putih,September,40610
Kalimantan Barat,Bawang Putih,September,37030
Kalimantan Tengah,Bawang Putih,September,39290
Kalimantan Selatan,Bawang Putih,September,38110
Kalimantan Timur,Bawang Putih,September,41170
Kalimantan Utara,Bawang Putih,September,42360
Sulawesi Utara,Bawang Putih,September,45630
Sulawesi Tengah,Bawang Putih,September,45250
Sulawesi Selatan,Bawang Putih,September,39410
Sulawesi Tenggara,Bawang Putih,September,42810
Gorontalo,Bawang Putih,September,44510
Sulawesi Barat,Bawang Putih,September,41920
Maluku,Bawang Putih,September,45860
Maluku Utara,Bawang Putih,September,55700
Papua Barat,Bawang Putih,September,53350
Papua,Bawang Putih,September,50400
Papua Barat Daya,Bawang Putih,September,52360
Papua Pegunungan,Bawang Putih,September,60000
Papua Tengah,Bawang Putih,September,60190
Papua Selatan,Bawang Putih,September,45000
Aceh,Cabai Merah,September,40700
Sumatera Utara,Cabai Merah,September,34580
Sumatera Barat,Cabai Merah,September,41480
Riau,Cabai Merah,September,47150
Jambi,Cabai Merah,September,30160
Sumatera Selatan,Cabai Merah,September,33940
Bengkulu,Cabai Merah,September,36030
Lampung,Cabai Merah,September,33260
Kepulauan Bangka Belitung,Cabai Merah,September,43490
Kepulauan Riau,Cabai Merah,September,60100
DKI Jakarta,Cabai Merah,September,39890
Jawa Barat,Cabai Merah,September,37910
Jawa Tengah,Cabai Merah,September,27420
D.I Yogyakarta,Cabai Merah,September,26290
Jawa Timur,Cabai Merah,September,27510
Banten,Cabai Merah,September,36470
Bali,Cabai Merah,September,31790
Nusa Tenggara Barat,Cabai Merah,September,29670
Nusa Tenggara Timur,Cabai Merah,September,52150
Kalimantan Barat,Cabai Merah,September,56660
Kalimantan Tengah,Cabai Merah,September,58050
Kalimantan Selatan,Cabai Merah,September,38850
Kalimantan Timur,Cabai Merah,September,48290
Kalimantan Utara,Cabai Merah,September,68110
Sulawesi Utara,Cabai Merah,September,42610
Sulawesi Tengah,Cabai Merah,September,49840
Sulawesi Selatan,Cabai Merah,September,32620
Sulawesi Tenggara,Cabai Merah,September,47060
Gorontalo,Cabai Merah,September,48210
Sulawesi Barat,Cabai Merah,September,41550
Maluku,Cabai Merah,September,67680
Maluku Utara,Cabai Merah,September,62260
Papua Barat,Cabai Merah,September,81810
Papua,Cabai Merah,September,69170
Papua Barat Daya,Cabai Merah,September,72580
Papua Pegunungan,Cabai Merah,September,95000
Papua Tengah,Cabai Merah,September,71140
Papua Selatan,Cabai Merah,September,41830
Sumatera Utara,Cabai Rawit,September,57240
Sumatera Barat,Cabai Rawit,September,56330
Riau,Cabai Rawit,September,58860
Jambi,Cabai Rawit,September,48180
Sumatera Selatan,Cabai Rawit,September,42090
Bengkulu,Cabai Rawit,September,48590
Lampung,Cabai Rawit,September,43160
Kepulauan Bangka Belitung,Cabai Rawit,September,55650
Kepulauan Riau,Cabai Rawit,September,69250
DKI Jakarta,Cabai Rawit,September,49280
Jawa Barat,Cabai Rawit,September,44540
Jawa Tengah,Cabai Rawit,September,32440
D.I Yogyakarta,Cabai Rawit,September,28440
Jawa Timur,Cabai Rawit,September,32860
Banten,Cabai Rawit,September,48710
Bali,Cabai Rawit,September,33960
Nusa Tenggara Barat,Cabai Rawit,September,33150
Nusa Tenggara Timur,Cabai Rawit,September,43970
Kalimantan Barat,Cabai Rawit,September,74940
Kalimantan Tengah,Cabai Rawit,September,64230
Kalimantan Selatan,Cabai Rawit,September,54780
Kalimantan Timur,Cabai Rawit,September,48890
Kalimantan Utara,Cabai Rawit,September,78830
Sulawesi Utara,Cabai Rawit,September,67900
Sulawesi Tengah,Cabai Rawit,September,54230
Sulawesi Selatan,Cabai Rawit,September,32500
Sulawesi Tenggara,Cabai Rawit,September,53050
Gorontalo,Cabai Rawit,September,64540
Sulawesi Barat,Cabai Rawit,September,44800
Maluku,Cabai Rawit,September,71130
Maluku Utara,Cabai Rawit,September,82270
Papua Barat,Cabai Rawit,September,93220
Papua,Cabai Rawit,September,88810
Papua Barat Daya,Cabai Rawit,September,73020
Papua Pegunungan,Cabai Rawit,September,100000
Papua Tengah,Cabai Rawit,September,92520
Papua Selatan,Cabai Rawit,September,54770
Aceh,Jagung,September,7000
Sumatera Utara,Jagung,September,5780
Sumatera Barat,Jagung,September,5290
Riau,Jagung,September,5770
Sumatera Selatan,Jagung,September,6340
Lampung,Jagung,September,4510
Kepulauan Riau,Jagung,September,6600
Jawa Barat,Jagung,September,5400
Jawa Tengah,Jagung,September,5210
D.I Yogyakarta,Jagung,September,4970
Jawa Timur,Jagung,September,5510
Banten,Jagung,September,8680
Bali,Jagung,September,5850
Nusa Tenggara Barat,Jagung,September,4470
Nusa Tenggara Timur,Jagung,September,7200
Kalimantan Barat,Jagung,September,5030
Kalimantan Tengah,Jagung,September,7750
Kalimantan Selatan,Jagung,September,8650
Kalimantan Timur,Jagung,September,8040
Kalimantan Utara,Jagung,September,6000
Sulawesi Utara,Jagung,September,5160
Sulawesi Tengah,Jagung,September,6020
Sulawesi Selatan,Jagung,September,5190
Sulawesi Tenggara,Jagung,September,5270
Sulawesi Barat,Jagung,September,4500
Maluku,Jagung,September,8260
Maluku Utara,Jagung,September,10430
Papua Barat,Jagung,September,8830
Papua,Jagung,September,7490
Papua Barat Daya,Jagung,September,9040
Papua Tengah,Jagung,September,6900
Papua Selatan,Jagung,September,12000
Aceh,Beras SPHP,September,12880
Sumatera Utara,Beras SPHP,September,12840
Sumatera Barat,Beras SPHP,September,12930
Riau,Beras SPHP,September,13100
Jambi,Beras SPHP,September,12590
Sumatera Selatan,Beras SPHP,September,12480
Bengkulu,Beras SPHP,September,12840
Lampung,Beras SPHP,September,12180
Kepulauan Bangka Belitung,Beras SPHP,September,12600
Kepulauan Riau,Beras SPHP,September,12890
Jawa Barat,Beras SPHP,September,12360
Jawa Tengah,Beras SPHP,September,12170
D.I Yogyakarta,Beras SPHP,September,12280
Jawa Timur,Beras SPHP,September,12050
Banten,Beras SPHP,September,12430
Bali,Beras SPHP,September,12190
Nusa Tenggara Barat,Beras SPHP,September,12300
Nusa Tenggara Timur,Beras SPHP,September,12830
Kalimantan Barat,Beras SPHP,September,13020
Kalimantan Tengah,Beras SPHP,September,13250
Kalimantan Selatan,Beras SPHP,September,12910
Kalimantan Timur,Beras SPHP,September,12700
Kalimantan Utara,Beras SPHP,September,13050
Sulawesi Utara,Beras SPHP,September,12470
Sulawesi Tengah,Beras SPHP,September,12200
Sulawesi Selatan,Beras SPHP,September,12180
Sulawesi Tenggara,Beras SPHP,September,12330
Gorontalo,Beras SPHP,September,12440
Sulawesi Barat,Beras SPHP,September,12070
Maluku,Beras SPHP,September,13590
Maluku Utara,Beras SPHP,September,13250
Papua Barat,Beras SPHP,September,13000
Papua,Beras SPHP,September,13970
Papua Barat Daya,Beras SPHP,September,13470
Papua Tengah,Beras SPHP,September,13400
Papua Selatan,Beras SPHP,September,13250
Aceh,Beras Premium,Oktober,14670
Sumatera Utara,Beras Premium,Oktober,15430
Sumatera Barat,Beras Premium,Oktober,17520
Riau,Beras Premium,Oktober,16250
Jambi,Beras Premium,Oktober,14990
Sumatera Selatan,Beras Premium,Oktober,14110
Bengkulu,Beras Premium,Oktober,15490
Lampung,Beras Premium,Oktober,14620
Kepulauan Bangka Belitung,Beras Premium,Oktober,15860
Kepulauan Riau,Beras Premium,Oktober,16310
DKI Jakarta,Beras Premium,Oktober,15560
Jawa Barat,Beras Premium,Oktober,14840
Jawa Tengah,Beras Premium,Oktober,14890
D.I Yogyakarta,Beras Premium,Oktober,14380
Jawa Timur,Beras Premium,Oktober,14590
Banten,Beras Premium,Oktober,14750
Bali,Beras Premium,Oktober,15530
Nusa Tenggara Barat,Beras Premium,Oktober,15030
Nusa Tenggara Timur,Beras Premium,Oktober,15710
Kalimantan Barat,Beras Premium,Oktober,17080
Kalimantan Tengah,Beras Premium,Oktober,17270
Kalimantan Selatan,Beras Premium,Oktober,16270
Kalimantan Timur,Beras Premium,Oktober,17380
Kalimantan Utara,Beras Premium,Oktober,17410
Sulawesi Utara,Beras Premium,Oktober,15120
Sulawesi Tengah,Beras Premium,Oktober,15500
Sulawesi Selatan,Beras Premium,Oktober,14500
Sulawesi Tenggara,Beras Premium,Oktober,14600
Gorontalo,Beras Premium,Oktober,15280
Sulawesi Barat,Beras Premium,Oktober,14320
Maluku,Beras Premium,Oktober,17450
Maluku Utara,Beras Premium,Oktober,18070
Papua Barat,Beras Premium,Oktober,18320
Papua,Beras Premium,Oktober,17990
Papua Barat Daya,Beras Premium,Oktober,17850
Papua Pegunungan,Beras Premium,Oktober,20000
Papua Tengah,Beras Premium,Oktober,19070
Papua Selatan,Beras Premium,Oktober,16970
Aceh,Beras Medium,Oktober,13530
Sumatera Utara,Beras Medium,Oktober,13950
Sumatera Barat,Beras Medium,Oktober,15330
Riau,Beras Medium,Oktober,14000
Jambi,Beras Medium,Oktober,13120
Sumatera Selatan,Beras Medium,Oktober,12520
Bengkulu,Beras Medium,Oktober,13930
Lampung,Beras Medium,Oktober,13150
Kepulauan Bangka Belitung,Beras Medium,Oktober,14000
Kepulauan Riau,Beras Medium,Oktober,13880
DKI Jakarta,Beras Medium,Oktober,13510
Jawa Barat,Beras Medium,Oktober,12910
Jawa Tengah,Beras Medium,Oktober,13190
D.I Yogyakarta,Beras Medium,Oktober,12990
Jawa Timur,Beras Medium,Oktober,12610
Banten,Beras Medium,Oktober,12780
Bali,Beras Medium,Oktober,14080
Nusa Tenggara Barat,Beras Medium,Oktober,13030
Nusa Tenggara Timur,Beras Medium,Oktober,13490
Kalimantan Barat,Beras Medium,Oktober,14520
Kalimantan Tengah,Beras Medium,Oktober,14100
Kalimantan Selatan,Beras Medium,Oktober,12970
Kalimantan Timur,Beras Medium,Oktober,15750
Kalimantan Utara,Beras Medium,Oktober,15430
Sulawesi Utara,Beras Medium,Oktober,13680
Sulawesi Tengah,Beras Medium,Oktober,13380
Sulawesi Selatan,Beras Medium,Oktober,12560
Sulawesi Tenggara,Beras Medium,Oktober,13070
Gorontalo,Beras Medium,Oktober,13530
Sulawesi Barat,Beras Medium,Oktober,13020
Maluku,Beras Medium,Oktober,14560
Maluku Utara,Beras Medium,Oktober,15740
Papua Barat,Beras Medium,Oktober,15570
Papua,Beras Medium,Oktober,15510
Papua Barat Daya,Beras Medium,Oktober,15650
Papua Pegunungan,Beras Medium,Oktober,18000
Papua Tengah,Beras Medium,Oktober,16370
Papua Selatan,Beras Medium,Oktober,15000
Aceh,Bawang Merah,Oktober,29740
Sumatera Utara,Bawang Merah,Oktober,27340
Sumatera Barat,Bawang Merah,Oktober,27470
Riau,Bawang Merah,Oktober,28920
Jambi,Bawang Merah,Oktober,25180
Sumatera Selatan,Bawang Merah,Oktober,26630
Bengkulu,Bawang Merah,Oktober,27540
Lampung,Bawang Merah,Oktober,24170
Kepulauan Bangka Belitung,Bawang Merah,Oktober,30710
Kepulauan Riau,Bawang Merah,Oktober,36450
DKI Jakarta,Bawang Merah,Oktober,30370
Jawa Barat,Bawang Merah,Oktober,25720
Jawa Tengah,Bawang Merah,Oktober,24330
D.I Yogyakarta,Bawang Merah,Oktober,23200
Jawa Timur,Bawang Merah,Oktober,22240
Banten,Bawang Merah,Oktober,27230
Bali,Bawang Merah,Oktober,24300
Nusa Tenggara Barat,Bawang Merah,Oktober,19640
Nusa Tenggara Timur,Bawang Merah,Oktober,19670
Kalimantan Barat,Bawang Merah,Oktober,30350
Kalimantan Tengah,Bawang Merah,Oktober,29630
Kalimantan Selatan,Bawang Merah,Oktober,25600
Kalimantan Timur,Bawang Merah,Oktober,32380
Kalimantan Utara,Bawang Merah,Oktober,35430
Sulawesi Utara,Bawang Merah,Oktober,35250
Sulawesi Tengah,Bawang Merah,Oktober,33970
Sulawesi Selatan,Bawang Merah,Oktober,26920
Sulawesi Tenggara,Bawang Merah,Oktober,31140
Gorontalo,Bawang Merah,Oktober,32710
Sulawesi Barat,Bawang Merah,Oktober,31430
Maluku,Bawang Merah,Oktober,34480
Maluku Utara,Bawang Merah,Oktober,48060
Papua Barat,Bawang Merah,Oktober,49960
Papua,Bawang Merah,Oktober,48320
Papua Barat Daya,Bawang Merah,Oktober,49240
Papua Pegunungan,Bawang Merah,Oktober,69520
Papua Tengah,Bawang Merah,Oktober,48740
Papua Selatan,Bawang Merah,Oktober,37420
Aceh,Bawang Putih,Oktober,39220
Sumatera Utara,Bawang Putih,Oktober,38420
Sumatera Barat,Bawang Putih,Oktober,38750
Riau,Bawang Putih,Oktober,38400
Jambi,Bawang Putih,Oktober,37640
Sumatera Selatan,Bawang Putih,Oktober,38030
Bengkulu,Bawang Putih,Oktober,39020
Lampung,Bawang Putih,Oktober,37060
Kepulauan Bangka Belitung,Bawang Putih,Oktober,38930
Kepulauan Riau,Bawang Putih,Oktober,34620
DKI Jakarta,Bawang Putih,Oktober,40520
Jawa Barat,Bawang Putih,Oktober,38180
Jawa Tengah,Bawang Putih,Oktober,36050
D.I Yogyakarta,Bawang Putih,Oktober,35760
Jawa Timur,Bawang Putih,Oktober,35000
Banten,Bawang Putih,Oktober,38880
Bali,Bawang Putih,Oktober,35600
Nusa Tenggara Barat,Bawang Putih,Oktober,38250
Nusa Tenggara Timur,Bawang Putih,Oktober,40350
Kalimantan Barat,Bawang Putih,Oktober,38350
Kalimantan Tengah,Bawang Putih,Oktober,39540
Kalimantan Selatan,Bawang Putih,Oktober,37760
Kalimantan Timur,Bawang Putih,Oktober,41530
Kalimantan Utara,Bawang Putih,Oktober,43330
Sulawesi Utara,Bawang Putih,Oktober,45090
Sulawesi Tengah,Bawang Putih,Oktober,44950
Sulawesi Selatan,Bawang Putih,Oktober,40670
Sulawesi Tenggara,Bawang Putih,Oktober,45720
Gorontalo,Bawang Putih,Oktober,44640
Sulawesi Barat,Bawang Putih,Oktober,40310
Maluku,Bawang Putih,Oktober,43670
Maluku Utara,Bawang Putih,Oktober,51950
Papua Barat,Bawang Putih,Oktober,50850
Papua,Bawang Putih,Oktober,51340
Papua Barat Daya,Bawang Putih,Oktober,53040
Papua Pegunungan,Bawang Putih,Oktober,60000
Papua Tengah,Bawang Putih,Oktober,54650
Papua Selatan,Bawang Putih,Oktober,47430
Aceh,Cabai Merah,Oktober,24820
Sumatera Utara,Cabai Merah,Oktober,23160
Sumatera Barat,Cabai Merah,Oktober,29020
Riau,Cabai Merah,Oktober,36170
Jambi,Cabai Merah,Oktober,21210
Sumatera Selatan,Cabai Merah,Oktober,26790
Bengkulu,Cabai Merah,Oktober,27130
Lampung,Cabai Merah,Oktober,24510
Kepulauan Bangka Belitung,Cabai Merah,Oktober,32950
Kepulauan Riau,Cabai Merah,Oktober,49020
DKI Jakarta,Cabai Merah,Oktober,33530
Jawa Barat,Cabai Merah,Oktober,28650
Jawa Tengah,Cabai Merah,Oktober,21680
D.I Yogyakarta,Cabai Merah,Oktober,16190
Jawa Timur,Cabai Merah,Oktober,20300
Banten,Cabai Merah,Oktober,28130
Bali,Cabai Merah,Oktober,19810
Nusa Tenggara Barat,Cabai Merah,Oktober,22360
Nusa Tenggara Timur,Cabai Merah,Oktober,44810
Kalimantan Barat,Cabai Merah,Oktober,57990
Kalimantan Tengah,Cabai Merah,Oktober,53620
Kalimantan Selatan,Cabai Merah,Oktober,31220
Kalimantan Timur,Cabai Merah,Oktober,35590
Kalimantan Utara,Cabai Merah,Oktober,62340
Sulawesi Utara,Cabai Merah,Oktober,37140
Sulawesi Tengah,Cabai Merah,Oktober,41370
Sulawesi Selatan,Cabai Merah,Oktober,25500
Sulawesi Tenggara,Cabai Merah,Oktober,41070
Gorontalo,Cabai Merah,Oktober,47520
Sulawesi Barat,Cabai Merah,Oktober,27870
Maluku,Cabai Merah,Oktober,55860
Maluku Utara,Cabai Merah,Oktober,54650
Papua Barat,Cabai Merah,Oktober,62840
Papua,Cabai Merah,Oktober,62110
Papua Barat Daya,Cabai Merah,Oktober,60820
Papua Pegunungan,Cabai Merah,Oktober,90000
Papua Tengah,Cabai Merah,Oktober,68820
Papua Selatan,Cabai Merah,Oktober,35000
Sumatera Utara,Cabai Rawit,Oktober,46530
Sumatera Barat,Cabai Rawit,Oktober,51720
Riau,Cabai Rawit,Oktober,56960
Jambi,Cabai Rawit,Oktober,43450
Sumatera Selatan,Cabai Rawit,Oktober,41940
Bengkulu,Cabai Rawit,Oktober,45650
Lampung,Cabai Rawit,Oktober,40630
Kepulauan Bangka Belitung,Cabai Rawit,Oktober,60890
Kepulauan Riau,Cabai Rawit,Oktober,63760
DKI Jakarta,Cabai Rawit,Oktober,43430
Jawa Barat,Cabai Rawit,Oktober,41050
Jawa Tengah,Cabai Rawit,Oktober,35630
D.I Yogyakarta,Cabai Rawit,Oktober,32890
Jawa Timur,Cabai Rawit,Oktober,30580
Banten,Cabai Rawit,Oktober,43500
Bali,Cabai Rawit,Oktober,32380
Nusa Tenggara Barat,Cabai Rawit,Oktober,29570
Nusa Tenggara Timur,Cabai Rawit,Oktober,36400
Kalimantan Barat,Cabai Rawit,Oktober,66770
Kalimantan Tengah,Cabai Rawit,Oktober,62200
Kalimantan Selatan,Cabai Rawit,Oktober,42890
Kalimantan Timur,Cabai Rawit,Oktober,43390
Kalimantan Utara,Cabai Rawit,Oktober,74130
Sulawesi Utara,Cabai Rawit,Oktober,72480
Sulawesi Tengah,Cabai Rawit,Oktober,52090
Sulawesi Selatan,Cabai Rawit,Oktober,26410
Sulawesi Tenggara,Cabai Rawit,Oktober,39700
Gorontalo,Cabai Rawit,Oktober,71870
Sulawesi Barat,Cabai Rawit,Oktober,40320
Maluku,Cabai Rawit,Oktober,61590
Maluku Utara,Cabai Rawit,Oktober,77830
Papua Barat,Cabai Rawit,Oktober,80880
Papua,Cabai Rawit,Oktober,83050
Papua Barat Daya,Cabai Rawit,Oktober,73810
Papua Pegunungan,Cabai Rawit,Oktober,109540
Papua Tengah,Cabai Rawit,Oktober,101180
Papua Selatan,Cabai Rawit,Oktober,38730
Aceh,Jagung,Oktober,7000
Sumatera Utara,Jagung,Oktober,5720
Sumatera Barat,Jagung,Oktober,5530
Riau,Jagung,Oktober,5880
Sumatera Selatan,Jagung,Oktober,6060
Lampung,Jagung,Oktober,4780
Kepulauan Riau,Jagung,Oktober,6930
Jawa Barat,Jagung,Oktober,5430
Jawa Tengah,Jagung,Oktober,5070
D.I Yogyakarta,Jagung,Oktober,5500
Jawa Timur,Jagung,Oktober,5470
Banten,Jagung,Oktober,7870
Bali,Jagung,Oktober,5940
Nusa Tenggara Barat,Jagung,Oktober,4410
Nusa Tenggara Timur,Jagung,Oktober,6750
Kalimantan Barat,Jagung,Oktober,5000
Kalimantan Tengah,Jagung,Oktober,8370
Kalimantan Selatan,Jagung,Oktober,9110
Kalimantan Timur,Jagung,Oktober,8280
Sulawesi Utara,Jagung,Oktober,5410
Sulawesi Tengah,Jagung,Oktober,5930
Sulawesi Selatan,Jagung,Oktober,5470
Sulawesi Tenggara,Jagung,Oktober,5190
Maluku,Jagung,Oktober,8930
Maluku Utara,Jagung,Oktober,9770
Papua Barat,Jagung,Oktober,9690
Papua,Jagung,Oktober,7760
Papua Barat Daya,Jagung,Oktober,9210
Papua Tengah,Jagung,Oktober,6800
Papua Selatan,Jagung,Oktober,12000
Aceh,Beras SPHP,Oktober,12800
Sumatera Utara,Beras SPHP,Oktober,12720
Sumatera Barat,Beras SPHP,Oktober,13110
Riau,Beras SPHP,Oktober,13110
Jambi,Beras SPHP,Oktober,12590
Sumatera Selatan,Beras SPHP,Oktober,12470
Bengkulu,Beras SPHP,Oktober,12690
Lampung,Beras SPHP,Oktober,12190
Kepulauan Bangka Belitung,Beras SPHP,Oktober,12820
Kepulauan Riau,Beras SPHP,Oktober,12880
Jawa Barat,Beras SPHP,Oktober,12380
Jawa Tengah,Beras SPHP,Oktober,12190
D.I Yogyakarta,Beras SPHP,Oktober,12250
Jawa Timur,Beras SPHP,Oktober,12020
Banten,Beras SPHP,Oktober,12440
Bali,Beras SPHP,Oktober,12210
Nusa Tenggara Barat,Beras SPHP,Oktober,12270
Nusa Tenggara Timur,Beras SPHP,Oktober,12850
Kalimantan Barat,Beras SPHP,Oktober,12970
Kalimantan Tengah,Beras SPHP,Oktober,12970
Kalimantan Selatan,Beras SPHP,Oktober,12800
Kalimantan Timur,Beras SPHP,Oktober,12650
Kalimantan Utara,Beras SPHP,Oktober,13220
Sulawesi Utara,Beras SPHP,Oktober,12380
Sulawesi Tengah,Beras SPHP,Oktober,12160
Sulawesi Selatan,Beras SPHP,Oktober,12140
Sulawesi Tenggara,Beras SPHP,Oktober,12420
Gorontalo,Beras SPHP,Oktober,12470
Sulawesi Barat,Beras SPHP,Oktober,12120
Maluku,Beras SPHP,Oktober,13710
Maluku Utara,Beras SPHP,Oktober,13410
Papua Barat,Beras SPHP,Oktober,13000
Papua,Beras SPHP,Oktober,13380
Papua Barat Daya,Beras SPHP,Oktober,13490
Papua Tengah,Beras SPHP,Oktober,13500
Papua Selatan,Beras SPHP,Oktober,13250
Aceh,Beras Premium,November,14640
Sumatera Utara,Beras Premium,November,15260
Sumatera Barat,Beras Premium,November,17510
Riau,Beras Premium,November,16250
Jambi,Beras Premium,November,14980
Sumatera Selatan,Beras Premium,November,14200
Bengkulu,Beras Premium,November,15470
Lampung,Beras Premium,November,14570
Kepulauan Bangka Belitung,Beras Premium,November,15780
Kepulauan Riau,Beras Premium,November,16200
DKI Jakarta,Beras Premium,November,15110
Jawa Barat,Beras Premium,November,14840
Jawa Tengah,Beras Premium,November,14880
D.I Yogyakarta,Beras Premium,November,14390
Jawa Timur,Beras Premium,November,14640
Banten,Beras Premium,November,14570
Bali,Beras Premium,November,15660
Nusa Tenggara Barat,Beras Premium,November,15030
Nusa Tenggara Timur,Beras Premium,November,15910
Kalimantan Barat,Beras Premium,November,17110
Kalimantan Tengah,Beras Premium,November,17330
Kalimantan Selatan,Beras Premium,November,16370
Kalimantan Timur,Beras Premium,November,17240
Kalimantan Utara,Beras Premium,November,17280
Sulawesi Utara,Beras Premium,November,14740
Sulawesi Tengah,Beras Premium,November,15210
Sulawesi Selatan,Beras Premium,November,14360
Sulawesi Tenggara,Beras Premium,November,14210
Gorontalo,Beras Premium,November,15130
Sulawesi Barat,Beras Premium,November,14250
Maluku,Beras Premium,November,17500
Maluku Utara,Beras Premium,November,18050
Papua Barat,Beras Premium,November,18380
Papua,Beras Premium,November,18260
Papua Barat Daya,Beras Premium,November,18260
Papua Tengah,Beras Premium,November,19130
Papua Selatan,Beras Premium,November,16000
Aceh,Beras Medium,November,13360
Sumatera Utara,Beras Medium,November,13880
Sumatera Barat,Beras Medium,November,15310
Riau,Beras Medium,November,14050
Jambi,Beras Medium,November,13110
Sumatera Selatan,Beras Medium,November,12540
Bengkulu,Beras Medium,November,13880
Lampung,Beras Medium,November,13090
Kepulauan Bangka Belitung,Beras Medium,November,13940
Kepulauan Riau,Beras Medium,November,13860
DKI Jakarta,Beras Medium,November,13290
Jawa Barat,Beras Medium,November,12840
Jawa Tengah,Beras Medium,November,13090
D.I Yogyakarta,Beras Medium,November,12930
Jawa Timur,Beras Medium,November,12650
Banten,Beras Medium,November,12600
Bali,Beras Medium,November,14240
Nusa Tenggara Barat,Beras Medium,November,13090
Nusa Tenggara Timur,Beras Medium,November,13600
Kalimantan Barat,Beras Medium,November,14630
Kalimantan Tengah,Beras Medium,November,14220
Kalimantan Selatan,Beras Medium,November,12920
Kalimantan Timur,Beras Medium,November,15620
Kalimantan Utara,Beras Medium,November,15430
Sulawesi Utara,Beras Medium,November,13320
Sulawesi Tengah,Beras Medium,November,13330
Sulawesi Selatan,Beras Medium,November,12480
Sulawesi Tenggara,Beras Medium,November,12660
Gorontalo,Beras Medium,November,13310
Sulawesi Barat,Beras Medium,November,12980
Maluku,Beras Medium,November,14920
Maluku Utara,Beras Medium,November,15690
Papua Barat,Beras Medium,November,15710
Papua,Beras Medium,November,15640
Papua Barat Daya,Beras Medium,November,16010
Papua Tengah,Beras Medium,November,16440
Papua Selatan,Beras Medium,November,15000
Aceh,Bawang Merah,November,31520
Sumatera Utara,Bawang Merah,November,30290
Sumatera Barat,Bawang Merah,November,28430
Riau,Bawang Merah,November,30830
Jambi,Bawang Merah,November,26720
Sumatera Selatan,Bawang Merah,November,29880
Bengkulu,Bawang Merah,November,31380
Lampung,Bawang Merah,November,29630
Kepulauan Bangka Belitung,Bawang Merah,November,32520
Kepulauan Riau,Bawang Merah,November,37370
DKI Jakarta,Bawang Merah,November,35380
Jawa Barat,Bawang Merah,November,30970
Jawa Tengah,Bawang Merah,November,29140
D.I Yogyakarta,Bawang Merah,November,28380
Jawa Timur,Bawang Merah,November,27630
Banten,Bawang Merah,November,30640
Bali,Bawang Merah,November,25250
Nusa Tenggara Barat,Bawang Merah,November,24310
Nusa Tenggara Timur,Bawang Merah,November,20720
Kalimantan Barat,Bawang Merah,November,34450
Kalimantan Tengah,Bawang Merah,November,32850
Kalimantan Selatan,Bawang Merah,November,28250
Kalimantan Timur,Bawang Merah,November,34710
Kalimantan Utara,Bawang Merah,November,39750
Sulawesi Utara,Bawang Merah,November,36390
Sulawesi Tengah,Bawang Merah,November,36960
Sulawesi Selatan,Bawang Merah,November,30080
Sulawesi Tenggara,Bawang Merah,November,33430
Gorontalo,Bawang Merah,November,37250
Sulawesi Barat,Bawang Merah,November,33460
Maluku,Bawang Merah,November,37580
Maluku Utara,Bawang Merah,November,49930
Papua Barat,Bawang Merah,November,48340
Papua,Bawang Merah,November,51740
Papua Barat Daya,Bawang Merah,November,50290
Papua Pegunungan,Bawang Merah,November,62450
Papua Tengah,Bawang Merah,November,56740
Papua Selatan,Bawang Merah,November,35000
Aceh,Bawang Putih,November,40120
Sumatera Utara,Bawang Putih,November,39830
Sumatera Barat,Bawang Putih,November,38000
Riau,Bawang Putih,November,39200
Jambi,Bawang Putih,November,37500
Sumatera Selatan,Bawang Putih,November,37490
Bengkulu,Bawang Putih,November,40000
Lampung,Bawang Putih,November,37130
Kepulauan Bangka Belitung,Bawang Putih,November,40100
Kepulauan Riau,Bawang Putih,November,34870
DKI Jakarta,Bawang Putih,November,41300
Jawa Barat,Bawang Putih,November,38550
Jawa Tengah,Bawang Putih,November,37050
D.I Yogyakarta,Bawang Putih,November,36750
Jawa Timur,Bawang Putih,November,34970
Banten,Bawang Putih,November,39350
Bali,Bawang Putih,November,35650
Nusa Tenggara Barat,Bawang Putih,November,38800
Nusa Tenggara Timur,Bawang Putih,November,41820
Kalimantan Barat,Bawang Putih,November,38570
Kalimantan Tengah,Bawang Putih,November,40110
Kalimantan Selatan,Bawang Putih,November,37850
Kalimantan Timur,Bawang Putih,November,41010
Kalimantan Utara,Bawang Putih,November,43520
Sulawesi Utara,Bawang Putih,November,45120
Sulawesi Tengah,Bawang Putih,November,45740
Sulawesi Selatan,Bawang Putih,November,40510
Sulawesi Tenggara,Bawang Putih,November,46030
Gorontalo,Bawang Putih,November,44150
Sulawesi Barat,Bawang Putih,November,40930
Maluku,Bawang Putih,November,44690
Maluku Utara,Bawang Putih,November,54150
Papua Barat,Bawang Putih,November,51440
Papua,Bawang Putih,November,53640
Papua Barat Daya,Bawang Putih,November,53860
Papua Pegunungan,Bawang Putih,November,60000
Papua Tengah,Bawang Putih,November,54470
Papua Selatan,Bawang Putih,November,40000
Aceh,Cabai Merah,November,24670
Sumatera Utara,Cabai Merah,November,25020
Sumatera Barat,Cabai Merah,November,29110
Riau,Cabai Merah,November,39910
Jambi,Cabai Merah,November,20460
Sumatera Selatan,Cabai Merah,November,21740
Bengkulu,Cabai Merah,November,23690
Lampung,Cabai Merah,November,21540
Kepulauan Bangka Belitung,Cabai Merah,November,27790
Kepulauan Riau,Cabai Merah,November,45060
DKI Jakarta,Cabai Merah,November,31730
Jawa Barat,Cabai Merah,November,28220
Jawa Tengah,Cabai Merah,November,21940
D.I Yogyakarta,Cabai Merah,November,17260
Jawa Timur,Cabai Merah,November,18830
Banten,Cabai Merah,November,26890
Bali,Cabai Merah,November,18120
Nusa Tenggara Barat,Cabai Merah,November,22400
Nusa Tenggara Timur,Cabai Merah,November,47800
Kalimantan Barat,Cabai Merah,November,40910
Kalimantan Tengah,Cabai Merah,November,45310
Kalimantan Selatan,Cabai Merah,November,23160
Kalimantan Timur,Cabai Merah,November,33930
Kalimantan Utara,Cabai Merah,November,58990
Sulawesi Utara,Cabai Merah,November,33660
Sulawesi Tengah,Cabai Merah,November,35530
Sulawesi Selatan,Cabai Merah,November,23040
Sulawesi Tenggara,Cabai Merah,November,36310
Gorontalo,Cabai Merah,November,34870
Sulawesi Barat,Cabai Merah,November,26510
Maluku,Cabai Merah,November,43460
Maluku Utara,Cabai Merah,November,55080
Papua Barat,Cabai Merah,November,59790
Papua,Cabai Merah,November,42580
Papua Barat Daya,Cabai Merah,November,62460
Papua Pegunungan,Cabai Merah,November,70000
Papua Tengah,Cabai Merah,November,56920
Papua Selatan,Cabai Merah,November,30000
Sumatera Utara,Cabai Rawit,November,38280
Sumatera Barat,Cabai Rawit,November,42570
Riau,Cabai Rawit,November,50580
Jambi,Cabai Rawit,November,41640
Sumatera Selatan,Cabai Rawit,November,40170
Bengkulu,Cabai Rawit,November,43870
Lampung,Cabai Rawit,November,36780
Kepulauan Bangka Belitung,Cabai Rawit,November,51570
Kepulauan Riau,Cabai Rawit,November,61200
DKI Jakarta,Cabai Rawit,November,50380
Jawa Barat,Cabai Rawit,November,43410
Jawa Tengah,Cabai Rawit,November,35300
D.I Yogyakarta,Cabai Rawit,November,32690
Jawa Timur,Cabai Rawit,November,29900
Banten,Cabai Rawit,November,43320
Bali,Cabai Rawit,November,33100
Nusa Tenggara Barat,Cabai Rawit,November,28880
Nusa Tenggara Timur,Cabai Rawit,November,34730
Kalimantan Barat,Cabai Rawit,November,43450
Kalimantan Tengah,Cabai Rawit,November,48360
Kalimantan Selatan,Cabai Rawit,November,35000
Kalimantan Timur,Cabai Rawit,November,41100
Kalimantan Utara,Cabai Rawit,November,70500
Sulawesi Utara,Cabai Rawit,November,46150
Sulawesi Tengah,Cabai Rawit,November,47760
Sulawesi Selatan,Cabai Rawit,November,27350
Sulawesi Tenggara,Cabai Rawit,November,42300
Gorontalo,Cabai Rawit,November,42290
Sulawesi Barat,Cabai Rawit,November,34960
Maluku,Cabai Rawit,November,55820
Maluku Utara,Cabai Rawit,November,72450
Papua Barat,Cabai Rawit,November,74870
Papua,Cabai Rawit,November,56970
Papua Barat Daya,Cabai Rawit,November,69940
Papua Pegunungan,Cabai Rawit,November,70000
Papua Tengah,Cabai Rawit,November,89100
Papua Selatan,Cabai Rawit,November,45000
Aceh,Jagung,November,7000
Sumatera Utara,Jagung,November,5870
Sumatera Barat,Jagung,November,5360
Riau,Jagung,November,5800
Sumatera Selatan,Jagung,November,6030
Lampung,Jagung,November,4530
Kepulauan Riau,Jagung,November,6970
Jawa Barat,Jagung,November,5640
Jawa Tengah,Jagung,November,5110
D.I Yogyakarta,Jagung,November,5300
Jawa Timur,Jagung,November,5380
Banten,Jagung,November,8430
Bali,Jagung,November,5560
Nusa Tenggara Barat,Jagung,November,4640
Nusa Tenggara Timur,Jagung,November,7260
Kalimantan Barat,Jagung,November,5420
Kalimantan Tengah,Jagung,November,8370
Kalimantan Selatan,Jagung,November,8150
Kalimantan Timur,Jagung,November,8210
Sulawesi Utara,Jagung,November,5460
Sulawesi Tengah,Jagung,November,5910
Sulawesi Selatan,Jagung,November,5260
Sulawesi Tenggara,Jagung,November,5170
Sulawesi Barat,Jagung,November,5000
Maluku,Jagung,November,8760
Maluku Utara,Jagung,November,9770
Papua Barat,Jagung,November,9210
Papua,Jagung,November,7320
Papua Barat Daya,Jagung,November,8270
Papua Tengah,Jagung,November,6800
Aceh,Beras SPHP,November,12870
Sumatera Utara,Beras SPHP,November,12710
Sumatera Barat,Beras SPHP,November,13080
Riau,Beras SPHP,November,12940
Jambi,Beras SPHP,November,12560
Sumatera Selatan,Beras SPHP,November,12490
Bengkulu,Beras SPHP,November,12620
Lampung,Beras SPHP,November,12210
Kepulauan Bangka Belitung,Beras SPHP,November,12670
Kepulauan Riau,Beras SPHP,November,12770
Jawa Barat,Beras SPHP,November,12390
Jawa Tengah,Beras SPHP,November,12260
D.I Yogyakarta,Beras SPHP,November,12230
Jawa Timur,Beras SPHP,November,11980
Banten,Beras SPHP,November,12500
Bali,Beras SPHP,November,12070
Nusa Tenggara Barat,Beras SPHP,November,12310
Nusa Tenggara Timur,Beras SPHP,November,12940
Kalimantan Barat,Beras SPHP,November,13050
Kalimantan Tengah,Beras SPHP,November,12900
Kalimantan Selatan,Beras SPHP,November,12930
Kalimantan Timur,Beras SPHP,November,12510
Kalimantan Utara,Beras SPHP,November,13140
Sulawesi Utara,Beras SPHP,November,12400
Sulawesi Tengah,Beras SPHP,November,12220
Sulawesi Selatan,Beras SPHP,November,12100
Sulawesi Tenggara,Beras SPHP,November,12200
Gorontalo,Beras SPHP,November,12500
Sulawesi Barat,Beras SPHP,November,11880
Maluku,Beras SPHP,November,13790
Maluku Utara,Beras SPHP,November,13430
Papua Barat,Beras SPHP,November,13250
Papua,Beras SPHP,November,13420
Papua Barat Daya,Beras SPHP,November,13590
Papua Tengah,Beras SPHP,November,13500
Papua Selatan,Beras SPHP,November,13500
Aceh,Beras Premium,Desember,14540
Sumatera Utara,Beras Premium,Desember,15250
Sumatera Barat,Beras Premium,Desember,17350
Riau,Beras Premium,Desember,16060
Jambi,Beras Premium,Desember,15030
Sumatera Selatan,Beras Premium,Desember,14140
Bengkulu,Beras Premium,Desember,15420
Lampung,Beras Premium,Desember,14510
Kepulauan Bangka Belitung,Beras Premium,Desember,15570
Kepulauan Riau,Beras Premium,Desember,16160
DKI Jakarta,Beras Premium,Desember,14960
Jawa Barat,Beras Premium,Desember,14640
Jawa Tengah,Beras Premium,Desember,14630
D.I Yogyakarta,Beras Premium,Desember,14220
Jawa Timur,Beras Premium,Desember,14500
Banten,Beras Premium,Desember,14780
Bali,Beras Premium,Desember,15620
Nusa Tenggara Barat,Beras Premium,Desember,14980
Nusa Tenggara Timur,Beras Premium,Desember,15360
Kalimantan Barat,Beras Premium,Desember,17110
Kalimantan Tengah,Beras Premium,Desember,17330
Kalimantan Selatan,Beras Premium,Desember,16220
Kalimantan Timur,Beras Premium,Desember,17150
Kalimantan Utara,Beras Premium,Desember,17360
Sulawesi Utara,Beras Premium,Desember,14690
Sulawesi Tengah,Beras Premium,Desember,15060
Sulawesi Selatan,Beras Premium,Desember,14250
Sulawesi Tenggara,Beras Premium,Desember,14440
Gorontalo,Beras Premium,Desember,15040
Sulawesi Barat,Beras Premium,Desember,14440
Maluku,Beras Premium,Desember,17510
Maluku Utara,Beras Premium,Desember,17870
Papua Barat,Beras Premium,Desember,18480
Papua,Beras Premium,Desember,17940
Papua Barat Daya,Beras Premium,Desember,18050
Papua Pegunungan,Beras Premium,Desember,25000
Papua Tengah,Beras Premium,Desember,18390
Papua Selatan,Beras Premium,Desember,16000
Aceh,Beras Medium,Desember,13380
Sumatera Utara,Beras Medium,Desember,13710
Sumatera Barat,Beras Medium,Desember,15090
Riau,Beras Medium,Desember,13950
Jambi,Beras Medium,Desember,13190
Sumatera Selatan,Beras Medium,Desember,12550
Bengkulu,Beras Medium,Desember,13530
Lampung,Beras Medium,Desember,13030
Kepulauan Bangka Belitung,Beras Medium,Desember,13510
Kepulauan Riau,Beras Medium,Desember,13930
DKI Jakarta,Beras Medium,Desember,13210
Jawa Barat,Beras Medium,Desember,12840
Jawa Tengah,Beras Medium,Desember,12920
D.I Yogyakarta,Beras Medium,Desember,12940
Jawa Timur,Beras Medium,Desember,12490
Banten,Beras Medium,Desember,12980
Bali,Beras Medium,Desember,14020
Nusa Tenggara Barat,Beras Medium,Desember,13020
Nusa Tenggara Timur,Beras Medium,Desember,13450
Kalimantan Barat,Beras Medium,Desember,14610
Kalimantan Tengah,Beras Medium,Desember,14060
Kalimantan Selatan,Beras Medium,Desember,13180
Kalimantan Timur,Beras Medium,Desember,15370
Kalimantan Utara,Beras Medium,Desember,15160
Sulawesi Utara,Beras Medium,Desember,13370
Sulawesi Tengah,Beras Medium,Desember,13130
Sulawesi Selatan,Beras Medium,Desember,12320
Sulawesi Tenggara,Beras Medium,Desember,12810
Gorontalo,Beras Medium,Desember,12860
Sulawesi Barat,Beras Medium,Desember,12970
Maluku,Beras Medium,Desember,14810
Maluku Utara,Beras Medium,Desember,15580
Papua Barat,Beras Medium,Desember,16110
Papua,Beras Medium,Desember,15450
Papua Barat Daya,Beras Medium,Desember,15850
Papua Pegunungan,Beras Medium,Desember,20000
Papua Tengah,Beras Medium,Desember,16120
Papua Selatan,Beras Medium,Desember,15000
Aceh,Bawang Merah,Desember,36770
Sumatera Utara,Bawang Merah,Desember,34680
Sumatera Barat,Bawang Merah,Desember,30350
Riau,Bawang Merah,Desember,33690
Jambi,Bawang Merah,Desember,30220
Sumatera Selatan,Bawang Merah,Desember,38940
Bengkulu,Bawang Merah,Desember,39000
Lampung,Bawang Merah,Desember,35430
Kepulauan Bangka Belitung,Bawang Merah,Desember,43680
Kepulauan Riau,Bawang Merah,Desember,43910
DKI Jakarta,Bawang Merah,Desember,44500
Jawa Barat,Bawang Merah,Desember,38500
Jawa Tengah,Bawang Merah,Desember,37500
D.I Yogyakarta,Bawang Merah,Desember,39890
Jawa Timur,Bawang Merah,Desember,37160
Banten,Bawang Merah,Desember,38580
Bali,Bawang Merah,Desember,37700
Nusa Tenggara Barat,Bawang Merah,Desember,35620
Nusa Tenggara Timur,Bawang Merah,Desember,31940
Kalimantan Barat,Bawang Merah,Desember,47570
Kalimantan Tengah,Bawang Merah,Desember,46070
Kalimantan Selatan,Bawang Merah,Desember,41510
Kalimantan Timur,Bawang Merah,Desember,44300
Kalimantan Utara,Bawang Merah,Desember,50370
Sulawesi Utara,Bawang Merah,Desember,47870
Sulawesi Tengah,Bawang Merah,Desember,49550
Sulawesi Selatan,Bawang Merah,Desember,41560
Sulawesi Tenggara,Bawang Merah,Desember,43470
Gorontalo,Bawang Merah,Desember,46220
Sulawesi Barat,Bawang Merah,Desember,43100
Maluku,Bawang Merah,Desember,46960
Maluku Utara,Bawang Merah,Desember,57060
Papua Barat,Bawang Merah,Desember,57770
Papua,Bawang Merah,Desember,59750
Papua Barat Daya,Bawang Merah,Desember,58070
Papua Pegunungan,Bawang Merah,Desember,67820
Papua Tengah,Bawang Merah,Desember,57590
Papua Selatan,Bawang Merah,Desember,50000
Aceh,Bawang Putih,Desember,42250
Sumatera Utara,Bawang Putih,Desember,41180
Sumatera Barat,Bawang Putih,Desember,40110
Riau,Bawang Putih,Desember,40450
Jambi,Bawang Putih,Desember,39730
Sumatera Selatan,Bawang Putih,Desember,41120
Bengkulu,Bawang Putih,Desember,42010
Lampung,Bawang Putih,Desember,39020
Kepulauan Bangka Belitung,Bawang Putih,Desember,41890
Kepulauan Riau,Bawang Putih,Desember,37490
DKI Jakarta,Bawang Putih,Desember,41990
Jawa Barat,Bawang Putih,Desember,40040
Jawa Tengah,Bawang Putih,Desember,38150
D.I Yogyakarta,Bawang Putih,Desember,37980
Jawa Timur,Bawang Putih,Desember,37750
Banten,Bawang Putih,Desember,39770
Bali,Bawang Putih,Desember,37790
Nusa Tenggara Barat,Bawang Putih,Desember,39040
Nusa Tenggara Timur,Bawang Putih,Desember,45450
Kalimantan Barat,Bawang Putih,Desember,44040
Kalimantan Tengah,Bawang Putih,Desember,44390
Kalimantan Selatan,Bawang Putih,Desember,40230
Kalimantan Timur,Bawang Putih,Desember,44130
Kalimantan Utara,Bawang Putih,Desember,44130
Sulawesi Utara,Bawang Putih,Desember,47510
Sulawesi Tengah,Bawang Putih,Desember,48090
Sulawesi Selatan,Bawang Putih,Desember,42020
Sulawesi Tenggara,Bawang Putih,Desember,46080
Gorontalo,Bawang Putih,Desember,46480
Sulawesi Barat,Bawang Putih,Desember,41530
Maluku,Bawang Putih,Desember,48770
Maluku Utara,Bawang Putih,Desember,57130
Papua Barat,Bawang Putih,Desember,57770
Papua,Bawang Putih,Desember,55230
Papua Barat Daya,Bawang Putih,Desember,54210
Papua Pegunungan,Bawang Putih,Desember,69280
Papua Tengah,Bawang Putih,Desember,53870
Papua Selatan,Bawang Putih,Desember,50000
Aceh,Cabai Merah,Desember,27240
Sumatera Utara,Cabai Merah,Desember,33120
Sumatera Barat,Cabai Merah,Desember,32030
Riau,Cabai Merah,Desember,38390
Jambi,Cabai Merah,Desember,28820
Sumatera Selatan,Cabai Merah,Desember,38180
Bengkulu,Cabai Merah,Desember,31200
Lampung,Cabai Merah,Desember,33370
Kepulauan Bangka Belitung,Cabai Merah,Desember,36790
Kepulauan Riau,Cabai Merah,Desember,45790
DKI Jakarta,Cabai Merah,Desember,46470
Jawa Barat,Cabai Merah,Desember,36550
Jawa Tengah,Cabai Merah,Desember,31380
D.I Yogyakarta,Cabai Merah,Desember,38300
Jawa Timur,Cabai Merah,Desember,27370
Banten,Cabai Merah,Desember,36230
Bali,Cabai Merah,Desember,28560
Nusa Tenggara Barat,Cabai Merah,Desember,30590
Nusa Tenggara Timur,Cabai Merah,Desember,42520
Kalimantan Barat,Cabai Merah,Desember,54400
Kalimantan Tengah,Cabai Merah,Desember,47360
Kalimantan Selatan,Cabai Merah,Desember,30260
Kalimantan Timur,Cabai Merah,Desember,40830
Kalimantan Utara,Cabai Merah,Desember,63140
Sulawesi Utara,Cabai Merah,Desember,35920
Sulawesi Tengah,Cabai Merah,Desember,30250
Sulawesi Selatan,Cabai Merah,Desember,22880
Sulawesi Tenggara,Cabai Merah,Desember,34310
Gorontalo,Cabai Merah,Desember,30100
Sulawesi Barat,Cabai Merah,Desember,27480
Maluku,Cabai Merah,Desember,39500
Maluku Utara,Cabai Merah,Desember,51600
Papua Barat,Cabai Merah,Desember,53130
Papua,Cabai Merah,Desember,51420
Papua Barat Daya,Cabai Merah,Desember,59480
Papua Pegunungan,Cabai Merah,Desember,84850
Papua Tengah,Cabai Merah,Desember,60360
Papua Selatan,Cabai Merah,Desember,40000
Sumatera Utara,Cabai Rawit,Desember,49480
Sumatera Barat,Cabai Rawit,Desember,43460
Riau,Cabai Rawit,Desember,45950
Jambi,Cabai Rawit,Desember,39340
Sumatera Selatan,Cabai Rawit,Desember,39290
Bengkulu,Cabai Rawit,Desember,41260
Lampung,Cabai Rawit,Desember,34690
Kepulauan Bangka Belitung,Cabai Rawit,Desember,37490
Kepulauan Riau,Cabai Rawit,Desember,53490
DKI Jakarta,Cabai Rawit,Desember,47510
Jawa Barat,Cabai Rawit,Desember,42980
Jawa Tengah,Cabai Rawit,Desember,35560
D.I Yogyakarta,Cabai Rawit,Desember,38140
Jawa Timur,Cabai Rawit,Desember,36130
Banten,Cabai Rawit,Desember,44030
Bali,Cabai Rawit,Desember,39340
Nusa Tenggara Barat,Cabai Rawit,Desember,27160
Nusa Tenggara Timur,Cabai Rawit,Desember,34690
Kalimantan Barat,Cabai Rawit,Desember,55050
Kalimantan Tengah,Cabai Rawit,Desember,52050
Kalimantan Selatan,Cabai Rawit,Desember,39570
Kalimantan Timur,Cabai Rawit,Desember,48070
Kalimantan Utara,Cabai Rawit,Desember,70910
Sulawesi Utara,Cabai Rawit,Desember,42480
Sulawesi Tengah,Cabai Rawit,Desember,49190
Sulawesi Selatan,Cabai Rawit,Desember,24610
Sulawesi Tenggara,Cabai Rawit,Desember,42000
Gorontalo,Cabai Rawit,Desember,38050
Sulawesi Barat,Cabai Rawit,Desember,36050
Maluku,Cabai Rawit,Desember,49130
Maluku Utara,Cabai Rawit,Desember,78050
Papua Barat,Cabai Rawit,Desember,68310
Papua,Cabai Rawit,Desember,82310
Papua Barat Daya,Cabai Rawit,Desember,71060
Papua Pegunungan,Cabai Rawit,Desember,87590
Papua Tengah,Cabai Rawit,Desember,75530
Papua Selatan,Cabai Rawit,Desember,60000
Aceh,Jagung,Desember,7000
Sumatera Utara,Jagung,Desember,5770
Sumatera Barat,Jagung,Desember,5600
Riau,Jagung,Desember,5770
Jambi,Jagung,Desember,10000
Sumatera Selatan,Jagung,Desember,6090
Lampung,Jagung,Desember,4920
Kepulauan Riau,Jagung,Desember,6970
Jawa Barat,Jagung,Desember,5710
Jawa Tengah,Jagung,Desember,5230
D.I Yogyakarta,Jagung,Desember,7420
Jawa Timur,Jagung,Desember,5580
Banten,Jagung,Desember,8300
Bali,Jagung,Desember,5550
Nusa Tenggara Barat,Jagung,Desember,4740
Nusa Tenggara Timur,Jagung,Desember,6520
Kalimantan Barat,Jagung,Desember,5700
Kalimantan Tengah,Jagung,Desember,8370
Kalimantan Selatan,Jagung,Desember,7590
Kalimantan Timur,Jagung,Desember,8010
Sulawesi Utara,Jagung,Desember,5590
Sulawesi Tengah,Jagung,Desember,6040
Sulawesi Selatan,Jagung,Desember,5210
Sulawesi Tenggara,Jagung,Desember,5450
Maluku,Jagung,Desember,8850
Maluku Utara,Jagung,Desember,9690
Papua Barat,Jagung,Desember,10130
Papua,Jagung,Desember,7630
Papua Barat Daya,Jagung,Desember,8270
Papua Tengah,Jagung,Desember,6800
Aceh,Beras SPHP,Desember,12940
Sumatera Utara,Beras SPHP,Desember,12580
Sumatera Barat,Beras SPHP,Desember,12880
Riau,Beras SPHP,Desember,13020
Jambi,Beras SPHP,Desember,12510
Sumatera Selatan,Beras SPHP,Desember,12410
Bengkulu,Beras SPHP,Desember,12430
Lampung,Beras SPHP,Desember,12270
Kepulauan Bangka Belitung,Beras SPHP,Desember,12630
Kepulauan Riau,Beras SPHP,Desember,12560
DKI Jakarta,Beras SPHP,Desember,11490
Jawa Barat,Beras SPHP,Desember,12390
Jawa Tengah,Beras SPHP,Desember,12190
D.I Yogyakarta,Beras SPHP,Desember,12280
Jawa Timur,Beras SPHP,Desember,11930
Banten,Beras SPHP,Desember,12500
Bali,Beras SPHP,Desember,12080
Nusa Tenggara Barat,Beras SPHP,Desember,12270
Nusa Tenggara Timur,Beras SPHP,Desember,12880
Kalimantan Barat,Beras SPHP,Desember,12990
Kalimantan Tengah,Beras SPHP,Desember,12790
Kalimantan Selatan,Beras SPHP,Desember,12830
Kalimantan Timur,Beras SPHP,Desember,12700
Kalimantan Utara,Beras SPHP,Desember,12920
Sulawesi Utara,Beras SPHP,Desember,12290
Sulawesi Tengah,Beras SPHP,Desember,12270
Sulawesi Selatan,Beras SPHP,Desember,12140
Sulawesi Tenggara,Beras SPHP,Desember,12190
Gorontalo,Beras SPHP,Desember,12500
Sulawesi Barat,Beras SPHP,Desember,11860
Maluku,Beras SPHP,Desember,13520
Maluku Utara,Beras SPHP,Desember,13470
Papua Barat,Beras SPHP,Desember,13250
Papua,Beras SPHP,Desember,13250
Papua Barat Daya,Beras SPHP,Desember,13290
Papua Tengah,Beras SPHP,Desember,13500
Papua Selatan,Beras SPHP,Desember,13500